Identifiers,num_ids
PHI0000,1
PHI0002,2
PHI0003,3
PHI0004,4
PHI0005,5
PHI0006,6
PHI0007,7
PHI0010,8
PHI0014,9
PHI0015,10
PHI0016,11
PHI0023,12
PHI0024,13
PHI0040,14
PHI0045,15
PHI0047,16
PHI0050,17
PHI0052,18
PHI0055,19
PHI0056,20
PHI0058,21
PHI0059,22
PHI0064,23
PHI0068,24
PHI0070,25
PHI0071,26
PHI0072,27
PHI0074,28
PHI0077,29
PHI0078,30
PHI0081,31
PHI0084,32
PHI0085,33
PHI0088,34
PHI0089,35
PHI0091,36
PHI0092,37
PHI0093,38
PHI0096,39
PHI0098,40
PHI0100,41
PHI0101,42
PHI0105,43
PHI0106,44
PHI0107,45
PHI0109,46
PHI0110,47
PHI0112,48
PHI0115,49
PHI0116,50
PHI0117,51
PHI0119,52
PHI0122,53
PHI0125,54
PHI0126,55
PHI0129,56
PHI0134,57
PHI0136,58
PHI0139,59
PHI0141,60
PHI0142,61
PHI0143,62
PHI0144,63
PHI0146,64
PHI0149,65
PHI0150,66
PHI0151,67
PHI0152,68
PHI0153,69
PHI0154,70
PHI0155,71
PHI0159,72
PHI0161,73
PHI0164,74
PHI0167,75
PHI0168,76
PHI0169,77
PHI0170,78
PHI0171,79
PHI0173,80
PHI0176,81
PHI0177,82
PHI0182,83
PHI0189,84
PHI0192,85
PHI0193,86
PHI0194,87
PHI0197,88
PHI0199,89
PHI0201,90
PHI0202,91
PHI0205,92
PHI0206,93
PHI0207,94
PHI0208,95
PHI0209,96
PHI0212,97
PHI0213,98
PHI0215,99
PHI0216,100
PHI0217,101
PHI0218,102
PHI0219,103
PHI0221,104
PHI0222,105
PHI0223,106
PHI0224,107
PHI0225,108
PHI0226,109
PHI0235,110
PHI0239,111
PHI0240,112
PHI0241,113
PHI0242,114
PHI0244,115
PHI0246,116
PHI0247,117
PHI0248,118
PHI0250,119
PHI0251,120
PHI0256,121
PHI0260,122
PHI0262,123
PHI0263,124
PHI0264,125
PHI0265,126
PHI0270,127
PHI0271,128
PHI0272,129
PHI0273,130
PHI0274,131
PHI0275,132
PHI0276,133
PHI1001,134
PHI1004,135
PHI1005,136
PHI1007,137
PHI1009,138
PHI1010,139
PHI1013,140
PHI1015,141
PHI1017,142
PHI1021,143
PHI1022,144
PHI1024,145
PHI1026,146
PHI1027,147
PHI1029,148
PHI1030,149
PHI1031,150
PHI1032,151
PHI1037,152
PHI1039,153
PHI1042,154
PHI1049,155
PHI1050,156
PHI1051,157
PHI1052,158
PHI1053,159
PHI1056,160
PHI1057,161
PHI1058,162
PHI1059,163
PHI1060,164
PHI1064,165
PHI1065,166
PHI1066,167
PHI1067,168
PHI1068,169
PHI1071,170
PHI1072,171
PHI1073,172
PHI1074,173
PHI1075,174
SEA0000,175
SEA0001,176
SEA0002,177
SEA0004,178
SEA0005,179
SEA0007,180
SEA0009,181
SEA0010,182
SEA0012,183
SEA0013,184
SEA0014,185
SEA0015,186
SEA0016,187
SEA0018,188
SEA0019,189
SEA0020,190
SEA0021,191
SEA0022,192
SEA0023,193
SEA0024,194
SEA0025,195
SEA0026,196
SEA0028,197
SEA0029,198
SEA0030,199
SEA0031,200
SEA0032,201
SEA0033,202
SEA0034,203
SEA0035,204
SEA0036,205
SEA0037,206
SEA0038,207
SEA0039,208
SEA0040,209
SEA0041,210
SEA0043,211
SEA0045,212
SEA0046,213
SEA0047,214
SEA0048,215
SEA0049,216
SEA0050,217
SEA0051,218
SEA0052,219
SEA0053,220
SEA0054,221
SEA0055,222
SEA0056,223
SEA0057,224
SEA0058,225
SEA0059,226
SEA0060,227
SEA0061,228
SEA0062,229
SEA0063,230
SEA0064,231
SEA0065,232
SEA0066,233
SEA0067,234
SEA0068,235
SEA0069,236
SEA0070,237
SEA0071,238
SEA0072,239
SEA0073,240
SEA0074,241
SEA0075,242
SEA0076,243
SEA0077,244
SEA0078,245
SEA0079,246
SEA0080,247
SEA0081,248
SEA0082,249
SEA0083,250
SEA0084,251
SEA0085,252
SEA0086,253
SEA0087,254
SEA0088,255
SEA0089,256
SEA0090,257
SEA0091,258
SEA0092,259
SEA0093,260
SEA0094,261
SEA0095,262
SEA0096,263
SEA0097,264
SEA0098,265
SEA0099,266
SEA0100,267
SEA0101,268
SEA0102,269
SEA0103,270
SEA0104,271
SEA0105,272
SEA0106,273
SEA0107,274
SEA0108,275
SEA0109,276
SEA0110,277
SEA0111,278
SEA0112,279
SEA0113,280
SEA0114,281
SEA0115,282
SEA0116,283
SEA0119,284
SEA0120,285
SEA0121,286
SEA0122,287
SEA0123,288
SEA0124,289
SEA0125,290
SEA0126,291
SEA0127,292
SEA0128,293
SEA0129,294
SEA0130,295
SEA0132,296
SEA0133,297
SEA0134,298
SEA0135,299
SEA0137,300
SEA0138,301
SEA0139,302
SEA0140,303
SEA0141,304
SEA0142,305
SEA0143,306
SEA0144,307
SEA0145,308
SEA0146,309
SEA0147,310
SEA0149,311
SEA0150,312
SEA0151,313
SEA0152,314
SEA0153,315
SEA0154,316
SEA0155,317
SEA0156,318
SEA0157,319
SEA0158,320
SEA0159,321
SEA0160,322
SEA0161,323
SEA0162,324
SEA0163,325
SEA0164,326
SEA0165,327
SEA0166,328
SEA0167,329
SEA0169,330
SEA0170,331
SEA0171,332
SEA0172,333
SEA0173,334
SEA0174,335
SEA0175,336
SEA0176,337
SEA0177,338
SEA0178,339
SEA0179,340
SEA0180,341
SEA0181,342
SEA0183,343
SEA0184,344
SEA0185,345
SEA0186,346
SEA0187,347
SEA0188,348
SEA0189,349
SEA0190,350
SEA0191,351
SEA0192,352
SEA0193,353
SEA0194,354
SEA0195,355
SEA0196,356
SEA0198,357
SEA0199,358
SEA0200,359
SEA0201,360
SEA0202,361
SEA0203,362
SEA0204,363
SEA0205,364
SEA0206,365
SEA0207,366
SEA0208,367
SEA0209,368
SEA0211,369
SEA0212,370
SEA0213,371
SEA0214,372
SEA0215,373
SEA0216,374
SEA0217,375
SEA0218,376
SEA0219,377
SEA0220,378
SEA0221,379
SEA0222,380
SEA0223,381
SEA0224,382
SEA0225,383
SEA0226,384
SEA0227,385
SEA0228,386
SEA0229,387
SEA0230,388
SEA0232,389
SEA0233,390
SEA0234,391
SEA0235,392
SEA0236,393
SEA0237,394
SEA0238,395
SEA0239,396
SEA0240,397
SEA0241,398
SEA0242,399
SEA0243,400
SEA0244,401
SEA0245,402
SEA0246,403
SEA0247,404
SEA0248,405
SEA0249,406
SEA0250,407
SEA0251,408
SEA0252,409
SEA0253,410
SEA0254,411
SEA0255,412
SEA0256,413
SEA0257,414
SEA0258,415
SEA0259,416
SEA0260,417
SEA0261,418
SEA0262,419
SEA0263,420
SEA0264,421
SEA0265,422
SEA0266,423
SEA0267,424
SEA0268,425
SEA0269,426
SEA0270,427
SEA0271,428
SEA0272,429
SEA1000,430
SEA1004,431
SEA1007,432
SEA1008,433
SEA1013,434
SEA1017,435
SEA1019,436
SEA1020,437
SEA1022,438
SEA1025,439
SEA1026,440
SEA1027,441
SEA1028,442
SEA1030,443
SEA1031,444
SEA1032,445
SEA1033,446
SEA1034,447
SEA1035,448
SEA1036,449
SEA1038,450
SEA1039,451
SEA1040,452
SEA1042,453
SEA1043,454
SEA1044,455
SEA1045,456
SEA1047,457
SEA1048,458
SEA1049,459
SEA1050,460
SEA1051,461
SEA1052,462
SEA1054,463
SEA1055,464
SEA1056,465
SEA1057,466
SEA1058,467
SEA1059,468
STL0001,469
STL0002,470
STL0003,471
STL0004,472
STL0005,473
STL0006,474
STL0007,475
STL0009,476
STL0010,477
STL0011,478
STL0013,479
STL0016,480
STL0017,481
STL0019,482
STL0022,483
STL0023,484
STL0025,485
STL0026,486
STL0028,487
STL0029,488
STL0030,489
STL0031,490
STL0032,491
STL0038,492
STL0041,493
STL0043,494
STL0044,495
STL0045,496
STL0048,497
STL0049,498
STL0051,499
STL0054,500
STL0057,501
STL0058,502
STL0061,503
STL0063,504
STL0064,505
STL0070,506
STL0077,507
STL0079,508
STL0080,509
STL0081,510
STL0084,511
STL0085,512
STL0086,513
STL0091,514
STL0093,515
STL0099,516
STL0107,517
STL0108,518
STL0109,519
STL0111,520
STL0112,521
STL0113,522
STL0115,523
STL0116,524
STL0118,525
STL0126,526
STL0128,527
STL0129,528
STL0132,529
STL0133,530
STL0136,531
STL0140,532
STL0143,533
STL0144,534
STL0149,535
STL0150,536
STL0152,537
STL0159,538
STL0163,539
STL0167,540
STL0168,541
STL0173,542
STL0174,543
STL0176,544
STL0178,545
STL0181,546
STL0183,547
STL0187,548
STL0188,549
STL0192,550
STL0193,551
STL0194,552
STL0195,553
STL0196,554
STL0198,555
STL0199,556
STL0200,557
STL0204,558
STL0210,559
STL0211,560
STL0213,561
STL0217,562
STL0218,563
STL0226,564
STL0228,565
STL0234,566
STL0236,567
STL0241,568
STL0243,569
STL0245,570
STL0248,571
STL0249,572
STL0252,573
STL0254,574
STL0258,575
STL0260,576
STL0261,577
STL0262,578
STL0263,579
STL0264,580
STL0265,581
STL0266,582
STL0271,583
STL0272,584
STL0273,585
STL0275,586
STL0285,587
STL0286,588
STL0289,589
STL0290,590
STL0291,591
STL0298,592
STL0305,593
STL0308,594
STL0311,595
STL0313,596
STL0314,597
STL0315,598
STL0333,599
STL1004,600
STL1005,601
STL1006,602
STL1007,603
STL1010,604
STL1011,605
STL1025,606
STL1028,607
STL1030,608
STL1033,609
STL1034,610
STL1036,611
STL1037,612
STL1039,613
STL1043,614
STL1045,615
STL1047,616
STL1050,617
STL1051,618
STL1054,619
STL1059,620
STL1062,621
STL1067,622
STL1068,623
STL1070,624
STL1074,625
UNC0000,626
UNC0003,627
UNC0004,628
UNC0005,629
UNC0006,630
UNC0007,631
UNC0008,632
UNC0012,633
UNC0013,634
UNC0014,635
UNC0015,636
UNC0016,637
UNC0017,638
UNC0018,639
UNC0019,640
UNC0020,641
UNC0021,642
UNC0022,643
UNC0023,644
UNC0025,645
UNC0026,646
UNC0027,647
UNC0030,648
UNC0032,649
UNC0033,650
UNC0035,651
UNC0040,652
UNC0041,653
UNC0042,654
UNC0044,655
UNC0045,656
UNC0046,657
UNC0049,658
UNC0050,659
UNC0051,660
UNC0053,661
UNC0054,662
UNC0055,663
UNC0057,664
UNC0059,665
UNC0063,666
UNC0064,667
UNC0065,668
UNC0066,669
UNC0069,670
UNC0070,671
UNC0071,672
UNC0072,673
UNC0074,674
UNC0076,675
UNC0078,676
UNC0079,677
UNC0080,678
UNC0084,679
UNC0085,680
UNC0086,681
UNC0087,682
UNC0088,683
UNC0090,684
UNC0091,685
UNC0092,686
UNC0093,687
UNC0094,688
UNC0095,689
UNC0096,690
UNC0097,691
UNC0099,692
UNC0100,693
UNC0101,694
UNC0102,695
UNC0103,696
UNC0104,697
UNC0105,698
UNC0106,699
UNC0107,700
UNC0109,701
UNC0111,702
UNC0112,703
UNC0113,704
UNC0114,705
UNC0115,706
UNC0116,707
UNC0119,708
UNC0120,709
UNC0121,710
UNC0122,711
UNC0123,712
UNC0124,713
UNC0127,714
UNC0129,715
UNC0131,716
UNC0132,717
UNC0133,718
UNC0135,719
UNC0137,720
UNC0140,721
UNC0141,722
UNC0143,723
UNC0146,724
UNC0147,725
UNC0148,726
UNC0150,727
UNC0154,728
UNC0155,729
UNC0156,730
UNC0158,731
UNC0182,732
UNC0183,733
UNC0184,734
UNC0185,735
UNC0186,736
UNC0188,737
UNC0189,738
UNC0190,739
UNC0191,740
UNC0192,741
UNC0193,742
UNC0194,743
UNC0195,744
UNC0196,745
UNC0197,746
UNC0199,747
UNC0200,748
UNC0201,749
UNC0202,750
UNC0203,751
UNC0204,752
UNC0205,753
UNC0206,754
UNC0207,755
UNC0209,756
UNC0210,757
UNC0211,758
UNC0212,759
UNC0213,760
UNC0214,761
UNC0215,762
UNC0216,763
UNC0217,764
UNC0218,765
UNC0219,766
UNC0221,767
UNC0222,768
UNC0224,769
UNC0226,770
UNC0231,771
UNC0233,772
UNC1000,773
UNC1001,774
UNC1002,775
UNC1006,776
UNC1008,777
UNC1009,778
UNC1013,779
UNC1014,780
UNC1015,781
UNC1016,782
UNC1018,783
UNC1019,784
UNC1020,785
UNC1021,786
UNC1022,787
UNC1023,788
UNC1024,789
UNC1025,790
UNC1026,791
UNC1027,792
UNC1029,793
UNC1030,794
UNC1032,795
UNC1034,796
UNC1035,797
UNC1036,798
UNC1037,799
UNC1038,800
UNC1039,801
UNC1041,802
UNC1043,803
UNC1044,804
UNC1045,805
UNC1046,806
UNC1047,807
UNC1048,808
UNC1050,809
UNC1051,810
